City,Latitude,Longitude,Max Temp,Humidity,Cloudiness,Wind Speed,Country,Date
Rikitea,-23.1203,-134.9692,22.89,73,100,9.86,PF,1660209281
Port Alfred,-33.5906,26.891,17.88,82,100,0.45,ZA,1660209283
Hobart,-42.8794,147.3294,11.92,83,75,3.09,AU,1660209213
Zhob,31.3411,69.4481,32.59,35,44,3.11,PK,1660209288
Nikolskoye,59.7035,30.7861,24.37,41,99,4.68,RU,1660209290
Koshurnikovo,54.1667,93.3,25.72,38,5,0.83,RU,1660209292
Hermanus,-34.4187,19.2345,16.0,78,98,3.08,ZA,1660209294
Fortuna,40.5982,-124.1573,16.66,93,100,1.54,US,1660209297
Sindor,62.8629,51.8905,21.43,34,82,3.65,RU,1660209299
Ranong,9.9658,98.6348,27.63,79,100,4.31,TH,1660209279
Deputatsky,69.3,139.9,16.43,61,99,3.45,RU,1660209303
Campbellsville,37.3434,-85.3419,22.19,70,54,0.35,US,1660209305
Poum,-20.2333,164.0167,21.56,59,9,9.01,NC,1660209307
Ushuaia,-54.8,-68.3,0.81,93,40,0.51,AR,1660209049
Katsuura,35.1333,140.3,27.53,86,63,9.83,JP,1660209312
Atuona,-9.8,-139.0333,25.0,70,9,10.0,PF,1660209314
Olinda,-8.0089,-34.8553,22.85,88,100,1.54,BR,1660209264
Pasni,25.2631,63.471,33.99,48,99,2.11,PK,1660209318
Norman Wells,65.282,-126.8329,7.02,76,75,2.06,CA,1660209321
Parry Sound,45.3501,-80.033,13.33,87,0,3.85,CA,1660209323
Mataura,-46.1927,168.8643,-0.55,97,2,1.5,NZ,1660209325
Cabo San Lucas,22.8909,-109.9124,28.62,84,79,3.44,MX,1660209327
Lebu,-37.6167,-73.65,6.68,86,0,2.03,CL,1660209317
Cape Town,-33.9258,18.4232,16.17,80,40,5.14,ZA,1660209331
Tazovsky,67.4667,78.7,13.57,60,32,3.22,RU,1660209334
Lompoc,34.6391,-120.4579,15.29,98,100,1.54,US,1660209336
Xai-Xai,-25.0519,33.6442,27.05,47,31,2.37,MZ,1660209085
Santa Cruz de la Sierra,-17.8,-63.1667,7.7,81,0,2.06,BO,1660209340
Salalah,17.0151,54.0924,24.05,100,100,3.09,OM,1660209159
Puerto Ayora,-0.7393,-90.3518,19.75,98,100,2.24,EC,1660209345
Coyhaique,-45.5752,-72.0662,4.34,87,0,1.54,CL,1660209191
Mahabalipuram,12.6264,80.1722,36.03,50,77,4.72,IN,1660209350
Umluj,25.0213,37.2685,33.05,63,90,8.54,SA,1660209099
Punta Arenas,-53.15,-70.9167,-0.94,86,0,3.09,CL,1660209090
Busselton,-33.65,115.3333,14.92,69,47,0.61,AU,1660209356
Qaanaaq,77.484,-69.3632,1.59,71,100,2.62,GL,1660209358
East London,-33.0153,27.9116,17.52,77,0,4.12,ZA,1660209360
Tiksi,71.6872,128.8694,9.43,72,100,1.84,RU,1660209363
Carnarvon,-24.8667,113.6333,22.15,31,0,4.51,AU,1660209282
Manjacaze,-24.7117,33.8828,27.26,44,0,2.79,MZ,1660209367
Cidreira,-30.1811,-50.2056,12.16,88,49,2.05,BR,1660209369
Thompson,55.7435,-97.8558,7.09,87,0,0.0,CA,1660209371
Chokurdakh,70.6333,147.9167,14.26,70,100,5.1,RU,1660209374
Kapaa,22.0752,-159.319,25.99,82,40,6.69,US,1660209376
Clyde River,70.4692,-68.5914,1.13,100,100,4.12,CA,1660209378
Tuatapere,-46.1333,167.6833,1.85,90,7,1.64,NZ,1660209380
Hong Kong,22.2855,114.1577,27.76,90,74,4.92,HK,1660209138
Los Llanos de Aridane,28.6585,-17.9182,20.86,88,20,7.2,ES,1660209384
Latung,5.5,120.8833,28.99,69,18,2.7,PH,1660209387
Arraial do Cabo,-22.9661,-42.0278,18.92,82,75,17.49,BR,1660209190
Acapulco de Juárez,16.8634,-99.8901,26.9,83,100,1.03,MX,1660209391
Lakes Entrance,-37.8811,147.981,10.09,65,55,3.81,AU,1660209393
Shimoda,34.6667,138.95,26.72,89,86,5.68,JP,1660209395
Lüderitz,-26.6481,15.1594,17.39,46,80,4.59,NA,1660209398
Kavieng,-2.5744,150.7967,27.6,77,96,3.74,PG,1660209400
Bambous Virieux,-20.3428,57.7575,22.9,64,75,7.2,MU,1660209402
Vestmannaeyjar,63.4427,-20.2734,10.55,87,75,6.69,IS,1660209405
Khatanga,71.9667,102.5,7.85,56,100,4.95,RU,1660209408
Bredasdorp,-34.5322,20.0403,15.66,74,100,1.21,ZA,1660209411
Longyearbyen,78.2186,15.6401,9.91,71,75,6.69,SJ,1660209413
Ambilobe,-13.2,49.05,31.08,30,23,6.62,MG,1660209415
Tandaltī,13.0167,31.8667,29.83,55,79,3.07,SD,1660209417
Karasjok,69.4719,25.5112,14.91,59,44,12.65,NO,1660209419
Cascais,38.6979,-9.4215,21.76,87,75,4.02,PT,1660209422
Avarua,-21.2078,-159.775,23.03,78,75,3.6,CK,1660209424
Moerai,-22.4333,-151.3333,22.19,72,0,1.42,PF,1660209426
Hay River,60.8156,-115.7999,9.98,81,100,3.6,CA,1660209428
Mizdah,31.4451,12.9801,29.18,31,0,0.51,LY,1660209430
Severo-Kuril'sk,50.6789,156.125,13.89,90,88,3.12,RU,1660209433
Saint Anthony,45.0205,-93.218,18.94,78,0,2.06,US,1660209435
Port Elizabeth,-33.918,25.5701,19.5,76,20,2.57,ZA,1660209438
Vaini,-21.2,-175.2,22.09,94,75,5.14,TO,1660209440
Bluff,-46.6,168.3333,4.43,78,7,4.59,NZ,1660209442
Saint-Philippe,-21.3585,55.7679,24.01,75,78,6.38,RE,1660209445
Cherskiy,68.75,161.3,17.15,54,100,3.19,RU,1660209447
Pangnirtung,66.1451,-65.7125,6.12,85,82,0.74,CA,1660209449
Pampa,35.5362,-100.9599,23.53,64,0,2.57,US,1660209451
Awjilah,29.1081,21.2869,32.39,22,0,4.66,LY,1660209453
Saint Paul Harbor,57.79,-152.4072,12.73,88,100,2.57,US,1660209456
Laas,46.6166,10.7002,22.05,60,82,0.35,IT,1660209458
Barreirinha,-2.7933,-57.07,22.08,60,70,1.0,BR,1660209460
Marrakesh,31.6315,-8.0083,25.04,61,0,1.03,MA,1660209462
Tabou,4.423,-7.3528,24.86,78,100,3.06,CI,1660209464
Albany,42.6001,-73.9662,16.99,88,76,1.42,US,1660209467
Moorhead,46.8739,-96.7676,16.1,82,0,2.06,US,1660209469
Ribeira Grande,38.5167,-28.7,23.22,73,20,1.03,PT,1660209397
Liverpool,53.4106,-2.9779,25.84,65,0,2.06,GB,1660209473
Kruisfontein,-34.0033,24.7314,18.27,64,100,1.64,ZA,1660209475
Rīga,57.0,24.0833,23.84,51,0,3.09,LV,1660209312
Saskylakh,71.9167,114.0833,9.86,61,100,6.12,RU,1660209480
Rantepao,-2.9701,119.8978,20.31,93,100,0.53,ID,1660209362
Morón,-34.6534,-58.6198,10.86,81,0,2.67,AR,1660209484
Narasannapeta,18.4167,84.05,29.57,74,99,7.68,IN,1660209376
Hilo,19.7297,-155.09,27.93,97,100,3.09,US,1660209488
Ninghai,29.2892,121.4247,31.33,74,79,1.94,CN,1660209230
Nchelenge,-9.3451,28.734,25.2,33,6,2.77,ZM,1660209492
Tuktoyaktuk,69.4541,-133.0374,7.85,89,100,5.52,CA,1660209495
Stulovo,58.7225,50.1439,20.91,47,32,4.4,RU,1660209497
The Valley,18.217,-63.0578,27.28,76,85,8.88,AI,1660209499
Ancud,-41.8697,-73.8203,9.04,93,99,5.51,CL,1660209213
Esperance,-33.8667,121.9,13.6,67,71,5.56,AU,1660209303
Bowen,-20.0167,148.2333,20.15,76,94,7.02,AU,1660209505
Pevek,69.7008,170.3133,4.9,97,57,3.52,RU,1660209508
Aykhal,66.0,111.5,9.49,95,100,7.75,RU,1660209510
Pāvilosta,56.8879,21.1859,20.95,62,29,5.54,LV,1660209512
Byron Bay,-28.65,153.6167,14.98,81,83,2.37,AU,1660209360
Jamestown,42.097,-79.2353,18.17,75,20,2.06,US,1660209516
Venice of the Philippines,4.6628,119.3928,28.99,73,17,3.75,PH,1660209518
Bethel,41.3712,-73.414,23.2,82,75,1.54,US,1660209521
Zhigansk,66.7697,123.3711,16.35,52,97,9.4,RU,1660209523
Mbandaka,0.0487,18.2603,28.45,54,100,2.76,CD,1660209419
Kathu,7.9178,98.3332,29.9,70,91,4.96,TH,1660209527
Launceston,-41.45,147.1667,10.08,96,100,4.63,AU,1660209529
Hasaki,35.7333,140.8333,30.16,85,65,11.13,JP,1660209513
Cabra,37.4725,-4.4421,28.14,58,0,0.8,ES,1660209534
Chengde,40.9725,117.9361,33.38,40,7,2.27,CN,1660209536
Grand Gaube,-20.0064,57.6608,22.99,59,60,6.26,MU,1660209538
Krivosheino,57.3431,83.9261,24.34,51,0,4.5,RU,1660209540
Beringovskiy,63.05,179.3167,12.98,80,100,5.42,RU,1660209542
Saldanha,-33.0117,17.9442,14.03,78,100,3.3,ZA,1660209545
Barrow,71.2906,-156.7887,4.91,94,51,7.93,US,1660209547
Laguna,38.421,-121.4238,21.21,77,0,2.57,US,1660209549
Hervey Bay,-25.2986,152.8535,16.68,77,71,1.34,AU,1660209551
Asău,46.4333,26.4,22.51,49,14,4.99,RO,1660209554
Margate,51.3813,1.3862,27.17,79,5,0.45,GB,1660209556
Bud,39.447,-86.1758,18.23,97,0,1.94,US,1660209558
Bubaque,11.2833,-15.8333,27.39,81,100,4.67,GW,1660209560
Benjamín Hill,30.1667,-111.1,23.61,72,99,1.32,MX,1660209562
Codrington,-38.2667,141.9667,9.33,77,92,3.1,AU,1660209564
Port Lincoln,-34.7333,135.8667,12.47,79,19,8.4,AU,1660209566
Praia da Vitória,38.7333,-27.0667,23.2,78,75,3.19,PT,1660209569
Cedar City,37.6775,-113.0619,18.0,77,40,3.09,US,1660209339
New Norfolk,-42.7826,147.0587,11.72,80,91,0.89,AU,1660209573
Vardø,70.3705,31.1107,13.99,72,0,14.92,NO,1660209575
Okulovka,58.4008,33.2908,21.76,43,12,2.92,RU,1660209577
Kaitangata,-46.2817,169.8464,2.4,89,42,3.04,NZ,1660209580
Grindavik,63.8424,-22.4338,11.26,76,75,5.66,IS,1660209582
Upata,8.0086,-62.3989,22.88,96,95,0.51,VE,1660209584
Yeppoon,-23.1333,150.7333,17.88,83,1,5.12,AU,1660209586
Upernavik,72.7868,-56.1549,4.61,85,100,2.52,GL,1660209588
Alyangula,-13.8483,136.4192,23.81,78,65,4.81,AU,1660209343
Livingston,55.9029,-3.5226,23.4,51,0,1.03,GB,1660209593
Dikson,73.5069,80.5464,5.74,97,100,5.85,RU,1660209595
Dzaoudzi,-12.7887,45.2699,26.94,61,20,6.69,YT,1660209597
Phonhong,18.5007,102.4166,24.76,94,100,0.9,LA,1660209599
Vila Franca do Campo,37.7167,-25.4333,22.89,69,34,3.4,PT,1660209601
Provideniya,64.3833,-173.3,12.72,84,11,1.25,RU,1660209603
Conceição do Araguaia,-8.2578,-49.2647,20.54,63,0,1.14,BR,1660209606
Olafsvik,64.8945,-23.7142,10.44,77,88,5.9,IS,1660209608
Strezhevoy,60.7333,77.5889,22.6,35,8,2.49,RU,1660209610
Port-Gentil,-0.7193,8.7815,25.98,73,75,6.69,GA,1660209612
Alice Springs,-23.7,133.8833,10.75,82,96,2.06,AU,1660209337
Hamilton,39.1834,-84.5333,19.11,96,0,0.0,US,1660209616
Ahipara,-35.1667,173.1667,9.24,86,27,2.76,NZ,1660209619
Shirokiy,49.758,129.523,18.46,83,74,2.13,RU,1660209621
Soyo,-6.1349,12.3689,23.42,71,94,3.53,AO,1660209623
Tsimmerbude,54.675,20.1347,22.03,46,19,0.56,RU,1660209625
Magadan,59.5667,150.8,14.74,93,100,2.38,RU,1660209627
Hambantota,6.1241,81.1185,31.01,59,56,9.97,LK,1660209406
Chapleau,47.8405,-83.4034,7.7,95,1,2.29,CA,1660209632
Yellowknife,62.456,-114.3525,11.29,66,75,3.6,CA,1660209634
Talcahuano,-36.7167,-73.1167,3.82,93,0,1.54,CL,1660209636
Honiara,-9.4333,159.95,26.04,88,77,2.4,SB,1660209638
Ponta do Sol,32.6667,-17.1,24.84,64,22,0.63,PT,1660209640
George Town,5.4112,100.3354,31.64,74,20,5.14,MY,1660209595
Juneau,58.3019,-134.4197,13.95,96,100,0.0,US,1660209645
San Rafael,-34.6177,-68.3301,7.82,49,0,0.87,AR,1660209647
Ulladulla,-35.35,150.4667,13.78,69,100,4.43,AU,1660209649
Te Anau,-45.4167,167.7167,0.16,93,8,0.56,NZ,1660209625
Iqaluit,63.7506,-68.5145,3.85,86,40,2.06,CA,1660209396
Najrān,17.4924,44.1277,38.36,17,85,5.15,SA,1660209656
Noumea,-22.2763,166.4572,22.78,99,62,6.45,NC,1660209494
Maţāy,28.419,30.7792,35.28,21,0,5.9,EG,1660209660
Mukhen,48.1,136.1,18.9,86,100,1.3,RU,1660209662
Taoudenni,22.6783,-3.9836,39.53,11,5,2.27,ML,1660209665
Namatanai,-3.6667,152.4333,26.65,80,89,3.0,PG,1660209667
Kavaratti,10.5669,72.642,27.28,85,64,8.47,IN,1660209669
Aklavik,68.2191,-135.0107,10.68,55,80,2.78,CA,1660209671
Nishihara,26.1842,127.7558,29.6,75,75,4.12,JP,1660209674
Padre Bernardo,-15.35,-48.5,14.7,39,99,2.81,BR,1660209677
Kununurra,-15.7667,128.7333,28.99,24,2,2.06,AU,1660209679
Muncar,-8.4333,114.3333,27.11,80,46,2.51,ID,1660209452
Butaritari,3.0707,172.7902,27.7,72,38,6.47,KI,1660209683
Kuching,1.55,110.3333,33.12,62,40,1.54,MY,1660209571
Chui,-33.6971,-53.4616,8.93,94,23,0.77,UY,1660209688
Myaundzha,63.0494,147.1858,13.04,86,100,1.19,RU,1660209690
Dudinka,69.4058,86.1778,12.57,54,78,3.53,RU,1660209692
Hithadhoo,-0.6,73.0833,28.26,73,25,4.74,MV,1660209463
Ürümqi,43.801,87.6005,24.53,50,0,2.0,CN,1660209696
Trairi,-3.2778,-39.2689,23.73,83,82,4.42,BR,1660209412
Muros,42.7762,-9.0603,20.05,91,97,2.38,ES,1660209701
Coquimbo,-29.9533,-71.3436,9.85,100,100,1.03,CL,1660209703
Gōtsuchō,35.0,132.2167,27.84,81,100,4.46,JP,1660209705
Beloha,-25.1667,45.05,27.57,25,0,5.16,MG,1660209520
Oro Valley,32.3909,-110.9665,25.39,78,100,3.58,US,1660209709
Kawalu,-7.3817,108.2082,25.33,86,75,2.47,ID,1660209452
Yar-Sale,66.8333,70.8333,17.72,44,100,5.36,RU,1660209714
Bengkulu,-3.8004,102.2655,28.5,73,37,2.16,ID,1660209594
Marystown,47.1666,-55.1483,13.81,100,100,4.21,CA,1660209718
Mapiri,-15.25,-68.1667,14.11,99,31,0.39,BO,1660209720
Kabanjahe,3.1001,98.4908,25.43,53,100,1.2,ID,1660209452
Cockburn Town,21.4612,-71.1419,27.5,74,12,7.26,TC,1660209724
Porto Franco,-6.3383,-47.3992,19.25,46,44,0.17,BR,1660209727
Lárdos,36.0942,28.0157,30.9,52,0,1.22,GR,1660209729
Honningsvåg,70.9821,25.9704,12.86,76,75,12.35,NO,1660209732
Samarai,-10.6167,150.6667,26.08,79,100,7.34,PG,1660209734
Jalu,29.0331,21.5482,32.49,23,0,5.02,LY,1660209736
Serov,59.6033,60.5787,17.93,92,100,3.49,RU,1660209738
Rio Claro,-22.4114,-47.5614,11.65,76,88,2.93,BR,1660209740
Mombetsu,44.3525,143.3525,21.57,77,80,1.58,JP,1660209681
Mackay,-21.15,149.2,17.6,78,74,6.19,AU,1660209510
Nome,64.5011,-165.4064,10.04,93,100,2.06,US,1660209747
Barra Patuca,15.8,-84.2833,25.92,86,45,3.56,HN,1660209749
Lumberton,34.6182,-79.0086,26.05,84,23,2.7,US,1660209751
Bose,45.4612,8.0137,27.23,53,9,2.11,IT,1660209753
El Alto,-4.2714,-81.2147,16.46,83,76,5.5,PE,1660209756
Cap Malheureux,-19.9842,57.6142,21.93,64,56,6.26,MU,1660209758
Kosh-Agach,50.0,88.6667,20.52,39,76,2.82,RU,1660209760
Marzuq,14.4,46.4667,29.74,49,78,3.86,YE,1660209762
Sabha,27.0377,14.4283,33.38,21,0,3.59,LY,1660209764
Fukuechō,32.6881,128.8419,29.2,84,75,4.12,JP,1660209767
Balkhash,46.844,74.9804,25.34,47,20,7.0,KZ,1660209769
Vangaindrano,-23.35,47.6,21.72,67,94,3.21,MG,1660209520
Ulety,51.3572,112.4849,24.81,29,28,2.51,RU,1660209774
Myanaung,18.2833,95.3167,30.38,65,90,2.42,MM,1660209524
Nanortalik,60.1432,-45.2371,6.89,99,100,1.15,GL,1660209779
Price,39.5994,-110.8107,22.29,60,100,6.69,US,1660209781
San Quintín,30.4833,-115.95,21.81,84,65,3.64,MX,1660209783
Kamenka,51.3223,42.7678,33.77,22,100,5.63,RU,1660209785
Mahébourg,-20.4081,57.7,22.16,64,75,7.2,MU,1660209787
Barguzin,53.6167,109.6167,22.14,42,78,3.92,RU,1660209789
Isangel,-19.55,169.2667,20.06,68,40,2.06,VU,1660209792
Mwingi,-0.9344,38.0601,25.74,40,75,5.19,KE,1660209794
Necochea,-38.5473,-58.7368,5.67,76,0,5.87,AR,1660209796
Mendota,36.7536,-120.3816,21.15,51,0,3.98,US,1660209798
Iranshahr,27.2025,60.6848,44.19,13,0,6.17,IR,1660209800
Gorgan,36.8387,54.4348,33.98,46,20,3.09,IR,1660209803
Lomovka,53.9194,58.3672,26.17,46,30,3.74,RU,1660209805
Hakkâri Province,37.5833,44.1667,31.88,11,0,2.57,TR,1660209807
Coos Bay,43.3665,-124.2179,15.13,100,100,1.54,US,1660209809
Yelizovo,53.1873,158.3805,15.08,82,0,2.0,RU,1660209811
Gillette,44.2911,-105.5022,24.51,39,0,6.69,US,1660209814
Geraldton,-28.7667,114.6,18.23,59,0,3.6,AU,1660209613
Simbahan,6.3032,120.5836,28.69,73,90,2.33,PH,1660209818
Harindānga,22.0383,88.3214,26.23,89,100,3.98,IN,1660209820
Bintulu,3.1667,113.0333,33.23,66,20,3.09,MY,1660209556
Caucayá,-0.1934,-74.7819,20.06,99,89,1.17,CO,1660209825
Lebanon,36.2081,-86.2911,23.42,93,75,0.0,US,1660209827
Kloulklubed,7.0419,134.2556,26.28,66,58,1.4,PW,1660209829
Gizo Government Station,-8.103,156.8419,27.27,77,100,1.28,SB,1660209832
Airai,-8.9266,125.4092,16.59,93,100,0.86,TL,1660209834
Nanton,50.3501,-113.7687,17.93,54,99,2.82,CA,1660209837
Valparaíso,-33.0393,-71.6273,10.26,99,100,2.06,CL,1660209839
Karratha,-20.7377,116.8463,25.04,23,0,4.97,AU,1660209841
Jacareacanga,-6.2222,-57.7528,19.94,77,43,0.84,BR,1660209843
Sur,22.5667,59.5289,35.69,50,100,2.12,OM,1660209846
Wilmington,34.2257,-77.9447,27.14,81,0,4.12,US,1660209848
Maragogi,-9.0122,-35.2225,21.24,90,30,1.43,BR,1660209850
Valera,9.3178,-70.6036,22.43,73,96,2.03,VE,1660209852
Majene,-3.5403,118.9707,27.74,73,41,3.37,ID,1660209855
Palmer,42.1584,-72.3287,19.99,82,100,1.54,US,1660209857
Inírida,3.8653,-67.9239,21.72,99,63,0.6,CO,1660209859
Emba,48.8264,58.1442,31.29,25,0,5.55,KZ,1660209861
Lata,40.1629,-8.3327,23.92,53,0,1.03,PT,1660209863
Ndungu,-4.3667,38.05,27.53,44,57,2.37,TZ,1660209866
Tanout,14.9709,8.8879,29.13,55,100,6.82,NE,1660209868
Bandarbeyla,9.4942,50.8122,29.69,57,100,12.69,SO,1660209870
Tasiilaq,65.6145,-37.6368,3.09,75,99,1.02,GL,1660209872
Winder,33.9926,-83.7202,22.56,95,0,0.0,US,1660209874
Boa Vista,2.8197,-60.6733,25.99,83,0,2.06,BR,1660209876
Sungai Penuh,-2.0833,101.3833,22.72,88,85,1.01,ID,1660209879
Marabba,12.35,32.1833,29.74,59,89,6.53,SD,1660209881
Nizhniy Lomov,53.5304,43.6766,25.77,55,100,4.69,RU,1660209884
Torbay,47.6666,-52.7314,14.04,90,100,4.12,CA,1660209886
Mar del Plata,-38.0023,-57.5575,8.26,94,0,3.58,AR,1660209888
Castro,-24.7911,-50.0119,6.0,97,59,1.81,BR,1660209890
Yulara,-25.2406,130.9889,15.1,23,0,3.88,AU,1660209892
Boshnyakovo,49.6333,142.1667,16.65,79,39,2.48,RU,1660209607
Marsh Harbour,26.5412,-77.0636,27.83,73,4,5.29,BS,1660209897
Altay,47.8667,88.1167,30.51,20,3,6.45,CN,1660209899
São João da Barra,-21.6403,-41.0511,20.05,43,79,5.37,BR,1660209901
Wuzhou,23.4833,111.3167,27.43,89,98,2.07,CN,1660209903
Muromtsevo,56.3724,75.2418,26.71,51,25,3.62,RU,1660209905
Tuy Hoa,13.0833,109.3,31.1,65,97,2.32,VN,1660209908
Qandala,11.472,49.8728,34.9,43,84,3.07,SO,1660209910
Agirish,61.9247,63.0231,15.58,92,100,2.71,RU,1660209912
Bulgan,48.8125,103.5347,20.96,55,100,1.44,MN,1660209914
Husavik,66.0449,-17.3389,9.83,77,100,0.41,IS,1660209916
Kindia,10.0569,-12.8658,22.58,96,100,1.39,GN,1660209918
Constitución,-35.3333,-72.4167,7.9,83,0,2.58,CL,1660209921
Mbini,1.574,9.6134,26.91,78,100,4.71,GQ,1660209923
Souillac,-20.5167,57.5167,22.21,64,75,7.2,MU,1660209925
Kropotkin,45.4375,40.5756,35.19,25,23,7.28,RU,1660209927
Barra do Garças,-15.89,-52.2567,12.11,49,100,1.17,BR,1660209929
Ambositra,-20.5167,47.25,15.71,60,40,5.49,MG,1660209932
Arlit,18.7369,7.3853,35.9,29,84,1.29,NE,1660209934
Charters Towers,-20.1,146.2667,17.89,68,19,5.93,AU,1660209936
Matagami,49.7502,-77.6328,11.06,93,100,3.6,CA,1660209939
Pochutla,15.7432,-96.4661,24.9,91,100,1.45,MX,1660209941
Meulaboh,4.1363,96.1285,28.89,65,99,2.3,ID,1660209943
San Policarpo,12.1791,125.5072,28.67,75,32,1.19,PH,1660209946
Klaksvík,62.2266,-6.589,11.51,78,100,5.27,FO,1660209948
Inhambane,-23.865,35.3833,25.63,55,0,3.5,MZ,1660209950
Agadez,19.75,10.25,36.56,11,0,7.3,NE,1660209952
Batemans Bay,-35.7167,150.1833,12.83,66,100,4.16,AU,1660209955
Paamiut,61.994,-49.6678,5.88,96,100,4.37,GL,1660209957
Port Hedland,-20.3167,118.5667,24.03,50,100,3.6,AU,1660209960
Waingapu,-9.6567,120.2641,27.84,71,18,5.67,ID,1660209962
Jinzhou,41.1078,121.1417,28.53,62,7,3.16,CN,1660209964
Avera,33.194,-82.5271,21.73,82,100,2.21,US,1660209966
Mattoon,39.4831,-88.3728,17.57,94,0,1.54,US,1660209969
Zhaotong,27.3167,103.7167,23.77,68,98,4.41,CN,1660209971
Nikolayevka,53.1257,47.2041,27.88,51,94,3.52,RU,1660209973
Cap-aux-Meules,47.3821,-61.8597,17.03,94,100,4.63,CA,1660209975
Seidu,9.0167,-10.6,20.92,97,100,1.85,SL,1660209978
Flinders,-34.5833,150.8552,15.21,73,100,0.45,AU,1660209980
Digby,44.6169,-65.7655,15.65,91,91,1.97,CA,1660209983
Stony Plain,53.5334,-114.0021,17.51,94,20,0.0,CA,1660209985
Fazilka,30.4,74.0333,35.8,48,49,6.57,IN,1660209987
Basco,20.4487,121.9702,29.21,69,66,1.18,PH,1660209989
Sayyan,15.1718,44.3244,23.95,36,16,1.79,YE,1660209992
Half Moon Bay,37.4636,-122.4286,18.27,86,100,7.2,US,1660209994
Omboué,-1.5746,9.2618,24.83,72,100,3.57,GA,1660209996
Qeshm,26.9581,56.2719,38.94,69,1,5.45,IR,1660209999
Leshukonskoye,64.8989,45.7622,19.45,49,100,4.66,RU,1660210001
Hobyo,5.3505,48.5268,28.03,61,54,13.07,SO,1660210003
College,64.8569,-147.8028,8.97,81,20,3.09,US,1660210005
Oranjemund,-28.55,16.4333,15.04,66,100,3.42,NA,1660210007
Ilulissat,69.2167,-51.1,5.01,87,75,0.0,GL,1660210010
Lichuan,30.3,108.85,27.48,63,69,2.87,CN,1660210012
Kharan,28.5833,65.4167,38.95,21,2,4.56,PK,1660210014
Bilma,18.6853,12.9164,37.78,10,31,6.87,NE,1660210016
Auki,-8.7676,160.7034,25.59,86,78,1.8,SB,1660210018
Chumikan,54.7183,135.315,12.53,95,100,3.39,RU,1660210020
Maniitsoq,65.4167,-52.9,5.55,85,100,3.67,GL,1660210023
Haines Junction,60.7522,-137.5108,8.25,95,98,0.68,CA,1660210025
Vallenar,-28.5708,-70.7581,15.26,38,100,1.07,CL,1660210027
Yinchuan,38.4681,106.2731,33.92,38,47,2.33,CN,1660210029
Monrovia,6.3005,-10.7969,23.87,87,97,4.42,LR,1660210031
San Luis,-33.295,-66.3356,7.2,55,0,1.18,AR,1660210033
Wahiawā,21.5028,-158.0236,25.18,70,100,1.54,US,1660210036
Port Macquarie,-31.4333,152.9167,13.27,76,96,4.29,AU,1660209817
Gravdal,68.1214,13.5031,10.94,87,75,3.09,NO,1660210040
Lerwick,60.1545,-1.1494,13.0,97,100,3.22,GB,1660210042
Puerto del Rosario,28.5004,-13.8627,24.86,65,75,6.69,ES,1660210044
Nzérékoré,7.7562,-8.8179,21.17,98,100,1.25,GN,1660210047
Ostrołęka,53.0862,21.5757,24.4,52,2,3.93,PL,1660210049
Puerto Escondido,15.85,-97.0667,25.36,88,100,2.63,MX,1660210051
Muroto-misakicho,33.2833,134.15,29.04,75,92,2.47,JP,1660209931
Xining,36.6167,101.7667,28.22,50,90,2.66,CN,1660210055
Dul'durga,50.6761,113.5931,23.23,32,57,1.53,RU,1660210057
Pringsewu,-5.3582,104.9744,29.88,71,59,0.98,ID,1660210048
Hualmay,-11.0964,-77.6139,15.61,86,91,2.49,PE,1660210062
Itarema,-2.9248,-39.9167,22.95,86,81,4.62,BR,1660210064
Sola,-13.8833,167.55,25.37,83,100,10.29,VU,1660210066
Sibolga,1.7427,98.7792,29.27,63,51,2.33,ID,1660210068
Sinnamary,5.3833,-52.95,24.44,89,48,2.61,GF,1660210070
Lorengau,-2.0226,147.2712,26.99,78,39,1.45,PG,1660210072
Alofi,-19.0595,-169.9187,23.94,83,10,3.09,NU,1660210075
Hoi An,15.8794,108.335,29.98,76,100,2.98,VN,1660209818
Salt,32.0392,35.7272,27.6,45,2,3.37,JO,1660210079
Charter Township of Clinton,42.587,-82.9199,20.68,72,75,3.6,US,1660210081
Padang,-0.9492,100.3543,30.03,71,67,2.65,ID,1660210022
Tyrma,50.0833,132.1667,16.59,85,99,0.57,RU,1660210086
Sinazongwe,-17.2614,27.4618,23.95,44,0,3.74,ZM,1660210088
Coahuayana Viejo,18.7333,-103.6833,24.91,87,100,1.33,MX,1660210090
Poli,-3.3333,36.8,18.85,57,91,3.93,TZ,1660210092
Nyaunglebin,17.95,96.7333,26.8,88,96,2.88,MM,1660210095
Pisco,-13.7,-76.2167,15.03,88,100,1.54,PE,1660210097
Tinaquillo,9.9186,-68.3047,20.12,97,97,0.39,VE,1660210099
Miranda,3.2499,-76.2281,18.07,84,54,2.14,CO,1660210101
Gerāsh,27.6652,54.1371,42.08,16,10,1.09,IR,1660210103
Berdigestyakh,62.0989,126.6992,22.12,60,54,2.33,RU,1660210106
Mandalgovi,45.7625,106.2708,24.2,35,100,4.66,MN,1660210108
Zalari,53.5584,102.5065,21.47,53,41,4.59,RU,1660210110
Abnūb,27.2696,31.1511,36.43,20,0,7.39,EG,1660210112
Tagusao,9.1924,117.8141,28.43,77,99,0.57,PH,1660210114
Hearst,49.6835,-83.6665,8.11,88,49,2.86,CA,1660210117
Palana,59.1167,159.9667,10.93,94,100,1.63,RU,1660210119
Chifeng,42.2683,118.9636,29.6,30,3,4.24,CN,1660210121
‘Ewa Beach,21.3156,-158.0072,26.97,66,0,9.26,US,1660210123
Saint-Augustin,51.226,-58.6502,12.35,95,0,2.1,CA,1660210125
Manavālakurichi,8.1333,77.3,29.07,69,99,8.29,IN,1660210127
Knysna,-34.0363,23.0471,18.31,61,94,0.81,ZA,1660210130
Dharangaon,21.0167,75.2667,25.18,91,100,6.87,IN,1660210132
Marawi,7.9986,124.2928,24.29,82,66,1.5,PH,1660210134
Fairbanks,64.8378,-147.7164,8.98,82,0,3.09,US,1660210136
Cayenne,4.9333,-52.3333,25.05,1,75,0.0,GF,1660210138
Borås,57.721,12.9401,22.72,55,13,4.29,SE,1660210020
Chlórakas,34.8042,32.4083,31.42,62,20,5.14,CY,1660210143
Chakwal,32.9334,72.8585,30.81,64,69,8.86,PK,1660210145
Selma,36.5708,-119.6121,24.03,61,0,2.06,US,1660210147
Evensk,61.95,159.2333,11.85,98,100,1.75,RU,1660210149
Solnechnyy,50.7214,136.6319,16.09,93,50,1.69,RU,1660210151
Yantzaza,-3.8278,-78.7594,17.88,100,100,0.52,EC,1660210154
Salinas,36.6777,-121.6555,17.45,80,15,0.59,US,1660210156
Mehamn,71.0357,27.8492,12.95,87,75,8.23,NO,1660210158
Sobolevo,54.4299,31.8996,21.61,54,14,5.34,RU,1660210160
Srandakan,-7.9386,110.2506,26.65,82,52,6.07,ID,1660210162
Mount Isa,-20.7333,139.5,24.87,19,53,6.17,AU,1660210164
Alta Floresta,-9.8756,-56.0861,17.23,66,0,1.92,BR,1660210167
Westport,41.1415,-73.3579,24.49,88,100,1.54,US,1660210169
Turbat,26.0023,63.044,44.29,8,64,8.84,PK,1660210171
San Ramon,37.7799,-121.978,17.67,87,0,2.57,US,1660210173
Puerto Suárez,-18.95,-57.8,9.43,88,0,0.85,BO,1660210175
Ola,59.5833,151.2833,15.08,89,100,0.82,RU,1660210177
Porto Walter,-8.2686,-72.7439,17.79,97,16,1.17,BR,1660210180
Pecos,31.4229,-103.4932,25.72,53,40,2.57,US,1660210182
Malinyi,-8.9333,36.1333,28.89,42,99,0.9,TZ,1660210184
Shelburne,44.0787,-80.2041,14.51,97,90,4.6,CA,1660210186
Touros,-5.1989,-35.4608,22.49,91,56,4.19,BR,1660210188
Sucúa,-2.4667,-78.1667,18.18,99,100,0.76,EC,1660210191
Satuk,41.2263,32.3836,21.88,52,26,3.83,TR,1660210193
Lagoa,39.05,-27.9833,21.37,70,9,1.37,PT,1660210196
Skellefteå,64.7507,20.9528,19.2,59,40,7.72,SE,1660210198
Boende,-0.2167,20.8667,32.27,42,99,2.71,CD,1660210200
Faya,18.3851,42.4509,29.29,37,85,3.14,SA,1660210202
Nonantola,44.6761,11.0321,29.99,18,24,3.15,IT,1660210204
Dingle,10.9995,122.6711,26.59,84,63,0.68,PH,1660210206
Moose Factory,51.2585,-80.6094,10.99,82,100,5.66,CA,1660210208
Dombarovskiy,50.7587,59.5386,30.26,28,1,4.47,RU,1660210211
Sidi Ali,36.0998,0.4206,28.5,60,46,4.9,DZ,1660210213
Muhafazat Lahij,13.1667,44.5833,33.47,46,57,4.78,YE,1660210215
Qaryat Sulūq,31.6682,20.2521,32.81,34,0,7.38,LY,1660210217
Sorong,-0.8833,131.25,27.38,76,85,1.19,ID,1660210106
Aksu,41.1231,80.2644,33.08,23,77,4.04,CN,1660210222
Texarkana,33.4251,-94.0477,23.12,93,0,0.0,US,1660210224
Altamira,-3.2033,-52.2064,21.43,78,53,1.0,BR,1660210226
Huaraz,-9.5333,-77.5333,10.04,76,87,1.54,PE,1660210228
Brebes,-6.8706,109.0369,29.18,69,43,1.54,ID,1660210230
Rocha,-34.4833,-54.3333,6.21,91,15,1.52,UY,1660210232
Verāval,20.9,70.3667,27.41,89,100,9.73,IN,1660210235
Sitka,57.0531,-135.33,14.94,82,20,0.0,US,1660210237
Kipini,-2.5257,40.5262,27.16,69,43,8.11,KE,1660210239
Vila,42.0304,-8.1588,21.5,71,8,1.7,PT,1660210241
Faanui,-16.4833,-151.75,25.61,73,8,4.61,PF,1660210243
Tura,25.5198,90.2201,29.79,68,64,2.26,IN,1660210246
Distrikt Brokopondo,4.75,-55.1667,24.42,87,13,1.64,SR,1660210248
Bor,56.3567,44.0669,21.96,43,0,2.32,RU,1660210250
Caravelas,-17.7125,-39.2481,20.08,75,73,3.23,BR,1660210253
Kargil,34.5667,76.1,23.58,25,84,2.06,IN,1660210167
Westerland,54.9079,8.3033,25.53,56,0,3.09,DE,1660210257
Killybegs,54.6333,-8.45,18.84,60,0,1.77,IE,1660210259
Atambua,-9.1061,124.8925,23.51,82,86,0.95,ID,1660210261
Nuuk,64.1835,-51.7216,6.34,93,40,2.06,GL,1660210263
Zabaykal'sk,49.6333,117.3167,21.53,46,81,4.61,RU,1660210266
Bathsheba,13.2167,-59.5167,27.34,83,75,5.14,BB,1660210268
Guerrero Negro,27.9769,-114.0611,21.91,80,79,5.02,MX,1660210270
Behshahr,36.6923,53.5526,31.97,37,0,5.18,IR,1660210272
Winslow,35.0242,-110.6974,21.1,78,0,2.57,US,1660210274
Visby,57.6409,18.296,25.59,68,0,7.72,SE,1660210277
Mashhad,36.297,59.6062,30.08,28,0,6.17,IR,1660210279
Puerto Madryn,-42.7692,-65.0385,8.25,57,3,3.93,AR,1660210281
Lavrentiya,65.5833,-171.0,5.32,98,60,1.31,RU,1660210284
Mahibadhoo,3.7833,72.9667,28.0,75,35,2.96,MV,1660210286
Dongsheng,39.8161,109.9776,29.4,34,0,5.56,CN,1660210288
Dhārchula,29.85,80.5333,29.6,57,94,2.62,IN,1660210290
Huarmey,-10.0681,-78.1522,16.27,86,95,2.59,PE,1660210292
Dourbali,11.8091,15.8632,27.75,67,99,4.94,TD,1660210295
Russell,32.3502,-85.1999,22.57,100,40,0.0,US,1660210297
Āreka,7.0667,37.7,18.45,84,100,1.76,ET,1660210299
Mīzan Teferī,6.9833,35.5833,18.7,88,100,0.38,ET,1660210302
Iquique,-20.2208,-70.1431,15.02,76,11,0.53,CL,1660210304
Krasnogorodskoye,56.8357,28.2822,23.89,40,7,1.46,RU,1660210306
Guangyuan,32.442,105.823,32.28,64,69,4.19,CN,1660210309
Damaturu,11.747,11.9608,26.02,74,100,6.3,NG,1660210311
Koindu,8.4386,-10.3253,22.24,97,100,1.67,GN,1660210313
Saint-François,46.4154,3.9054,28.15,34,0,2.57,FR,1660210315
Khovd,48.0056,91.6419,24.21,35,30,3.89,MN,1660210317
Sovetskiy,61.3614,63.5842,17.7,94,100,2.51,RU,1660210320
Goderich,43.7501,-81.7165,19.95,77,27,8.04,CA,1660210322
Krasnosel'kup,65.7,82.4667,16.04,41,79,4.52,RU,1660210324
Uttaradit,17.6667,100.5,23.88,94,100,1.39,TH,1660210216
Vostok,46.4856,135.8833,16.5,90,68,1.03,RU,1660210328
Wasilla,61.5814,-149.4394,15.1,81,0,3.6,US,1660210331
Port Blair,11.6667,92.75,30.02,70,75,7.2,IN,1660210333
Altenholz,54.4,10.1333,25.6,46,0,1.54,DE,1660210335
Ladyzhyn,48.685,29.2368,23.47,58,77,6.15,UA,1660210338
Ostrovnoy,68.0531,39.5131,15.69,85,100,12.94,RU,1660210340
Ketchikan,55.3422,-131.6461,18.26,68,0,3.09,US,1660210342
Comodoro Rivadavia,-45.8667,-67.5,8.92,61,0,1.54,AR,1660210344
Aleppo Governorate,36.25,37.5,34.68,36,0,8.11,SY,1660210346
Khandyga,62.6667,135.6,14.56,92,100,1.31,RU,1660210349
Sisimiut,66.9395,-53.6735,5.01,80,75,0.49,GL,1660210186
Järvakandi,58.7789,24.8258,23.3,43,49,5.75,EE,1660210353
Antofagasta,-23.65,-70.4,13.6,84,74,0.83,CL,1660210356
South Yuba City,39.1166,-121.6391,22.32,60,0,4.12,US,1660210358
Bara,10.3744,10.7288,21.96,88,100,2.69,NG,1660210360
Meadow Lake,34.8014,-106.5436,22.71,64,94,2.55,US,1660210362
Hillsboro,45.5229,-122.9898,17.26,84,0,0.0,US,1660210365
Vila Velha,-20.3297,-40.2925,22.97,76,40,2.57,BR,1660210367
Florø,61.5996,5.0328,16.8,100,75,4.63,NO,1660210369
Cabañas,22.9758,-82.9219,23.98,89,28,3.08,CU,1660210372
Maunabo,18.0072,-65.8993,27.06,84,100,5.36,PR,1660210374
Nakamura,32.9833,132.9333,26.82,90,100,1.04,JP,1660210201
Oussouye,12.485,-16.5469,28.05,65,97,4.12,SN,1660210378
Erenhot,43.6475,111.9767,31.33,22,52,7.19,CN,1660210380
Ekhabi,53.5102,142.9671,13.04,94,79,5.07,RU,1660210383
Mount Gambier,-37.8333,140.7667,8.98,75,100,1.96,AU,1660210385
Damietta,31.4165,31.8133,29.65,54,0,4.15,EG,1660210387
Sukumo,32.9333,132.7333,27.08,89,100,1.39,JP,1660210389
Ciudad Bolivar,8.1222,-63.5497,23.55,92,95,1.37,VE,1660210391
Qinhuangdao,39.9317,119.5883,27.42,77,0,4.56,CN,1660210394
Narsaq,60.9167,-46.05,7.12,85,100,0.92,GL,1660210396
Maltahöhe,-24.8333,16.9833,25.03,3,1,4.01,NA,1660210398
Kiama,-34.6833,150.8667,15.21,77,100,2.68,AU,1660210326
Huzhou,30.8703,120.0933,32.88,64,52,1.27,CN,1660210361
Bhādra,29.1167,75.1667,35.74,40,100,9.79,IN,1660210404
San Patricio,28.017,-97.5169,28.92,81,100,2.36,US,1660210407
Waliso,8.5333,37.9833,15.06,94,100,2.02,ET,1660210409
Kurumkan,54.3,110.3,22.28,42,94,2.23,RU,1660210411
Saint George,37.1041,-113.5841,26.64,54,0,2.57,US,1660210413
Esso,55.9333,158.7,12.84,89,96,0.29,RU,1660210415
Riyadh,24.6877,46.7219,43.08,11,65,8.73,SA,1660210372
Rabaul,-4.1967,152.1721,26.99,80,99,2.92,PG,1660210420
Walvis Bay,-22.9575,14.5053,9.53,100,0,2.06,NA,1660210422
Labuhan,-6.8844,112.2051,29.08,72,36,5.28,ID,1660210424
Qasigiannguit,68.8193,-51.1922,5.14,99,100,1.91,GL,1660210426
Veselynove,47.3567,31.2349,31.99,29,61,6.64,UA,1660210428
Verkhnyaya Inta,65.9811,60.3094,15.56,68,83,4.05,RU,1660210431
Kamaishi,39.2667,141.8833,24.44,96,87,3.87,JP,1660210309
Machalí,-34.1833,-70.6667,8.81,52,16,1.67,CL,1660210435
Port-Cartier,50.0334,-66.8654,15.12,94,69,0.86,CA,1660210437
Jackson,42.4165,-122.8345,15.08,77,0,0.36,US,1660210440
Maroantsetra,-15.4333,49.7333,22.76,71,67,6.47,MG,1660210442
Hofn,64.2539,-15.2082,11.01,82,75,4.12,IS,1660210444
Saint John,45.2727,-66.0677,15.57,100,75,0.0,CA,1660210446
Moctezuma,29.8,-109.6667,20.97,83,82,2.04,MX,1660210448
Havøysund,70.9963,24.6622,12.13,91,97,15.54,NO,1660210451
Merritt,50.1123,-120.7942,16.03,98,27,1.77,CA,1660210453
Lira,2.235,32.9097,28.43,44,100,0.56,UG,1660210455
Port Moresby,-9.4431,147.1797,25.68,73,40,10.29,PG,1660210457
Sa Kaeo,13.75,102.3333,25.59,88,100,4.53,TH,1660210459
Zmeinogorsk,51.1567,82.195,24.22,47,65,1.23,RU,1660210461
Natal,-5.795,-35.2094,23.12,94,20,2.06,BR,1660210464
Ryabovo,59.4,31.1333,23.62,38,79,4.48,RU,1660210466
Plettenberg Bay,-34.0527,23.3716,17.72,62,96,1.96,ZA,1660210468
Naze,28.3667,129.4833,29.51,75,100,0.96,JP,1660210189
Tilichiki,60.4667,166.1,10.82,96,100,2.59,RU,1660210472
